playlist_uri,album,album_uri,artist,artist_uri,disc_number,duration_ms,name,popularity,explicit,uri,link
spotify:playlist:4waAzspl6A8eY3VaNh852a,Not That Kind,spotify:album:4lCN7JEjQdvWsxW39lZs4E,Anastacia,spotify:artist:2siHvYaxjaW5rKVRiIrMYH,1,242773,I'm Outta Love,25,false,spotify:track:2376IJzmJ9UJY5wWLTce2I,https://api.spotify.com/v1/tracks/2376IJzmJ9UJY5wWLTce2I
spotify:playlist:4waAzspl6A8eY3VaNh852a,"Songs From Dawson's Creek, Vol. II",spotify:album:187HV0h26fG3mkRsySp5Lj,Wheatus,spotify:artist:4mYFgEjpQT4IKOrjOUKyXu,1,241840,Teenage Dirtbag,70,true,spotify:track:3LI4MmibTkXH5cGpCGZgyw,https://api.spotify.com/v1/tracks/3LI4MmibTkXH5cGpCGZgyw
spotify:playlist:4waAzspl6A8eY3VaNh852a,Pure... Dancefloor,spotify:album:6B3ZiCj8iO85ObTBaNKH7m,Bomfunk MC's,spotify:artist:0NeC6ploeJUq8oDwYQjNPS,4,172333,Freestyler - Radio Edit,11,true,spotify:track:0V0A9vbHOLHbXKWE0oVBUC,https://api.spotify.com/v1/tracks/0V0A9vbHOLHbXKWE0oVBUC
spotify:playlist:4waAzspl6A8eY3VaNh852a,Music,spotify:album:1V342k6sinWc4y4R2iReOu,Madonna,spotify:artist:6tbjWDEIzxoDsBA1FuhfPW,1,225973,Music,59,false,spotify:track:2fzykVsO2Di5jnofUNX3YE,https://api.spotify.com/v1/tracks/2fzykVsO2Di5jnofUNX3YE
spotify:playlist:4waAzspl6A8eY3VaNh852a,The Writing's On The Wall,spotify:album:283NWqNsCA9GwVHrJk59CG,Destiny's Child,spotify:artist:1Y8cdNmUJH7yBTd9yOvr5i,1,271333,Say My Name,76,false,spotify:track:7H6ev70Weq6DdpZyyTmUXk,https://api.spotify.com/v1/tracks/7H6ev70Weq6DdpZyyTmUXk
spotify:playlist:4waAzspl6A8eY3VaNh852a,Bardot,spotify:album:3lBBB7gJFwcxn6EKQpB4A3,Bardot,spotify:artist:6jaSo7MeMbXQCUOrNCF8tj,1,200253,Poison,35,false,spotify:track:6gzrTG4OkeNnGks5R1bffM,https://api.spotify.com/v1/tracks/6gzrTG4OkeNnGks5R1bffM
spotify:playlist:4waAzspl6A8eY3VaNh852a,No Strings Attached,spotify:album:5hMd4vAfSUT1cbYCnRUako,*NSYNC,spotify:artist:6Ff53KvcvAj5U7Z1vojB5o,1,200560,Bye Bye Bye,67,false,spotify:track:4r8lRYnoOGdEi6YyI5OC1o,https://api.spotify.com/v1/tracks/4r8lRYnoOGdEi6YyI5OC1o
spotify:playlist:4waAzspl6A8eY3VaNh852a,Polyester Embassy,spotify:album:4zXbBABLuCKuohCc2RPq3I,Madison Avenue,spotify:artist:6otgz5gkB40UnWFwTy0VDh,1,215093,Who The Hell Are You,42,false,spotify:track:1WzPIvTHX1ThXzXlUnFDLW,https://api.spotify.com/v1/tracks/1WzPIvTHX1ThXzXlUnFDLW
spotify:playlist:4waAzspl6A8eY3VaNh852a,Wonder's Dancefloor,spotify:album:6KxK53DkN0o2JfC6nemjkL,Spiller,spotify:artist:4bmymFwDu9zLCiTRUmrewb,1,450455,Groovejet,58,false,spotify:track:7iSYsQq0ywuHw03JBEf5HO,https://api.spotify.com/v1/tracks/7iSYsQq0ywuHw03JBEf5HO
spotify:playlist:4waAzspl6A8eY3VaNh852a,Thankful,spotify:album:2CW02evpO85vRxOSYx7zcP,Mary Mary,spotify:artist:12Kgt2eahvxNWhD5PnSUde,1,196240,Shackles (Praise You),57,false,spotify:track:5siee1e4lz8uF51OokjglA,https://api.spotify.com/v1/tracks/5siee1e4lz8uF51OokjglA
spotify:playlist:4waAzspl6A8eY3VaNh852a,So Real,spotify:album:2bO8HiXIChnnMT1UGuMUPR,Mandy Moore,spotify:artist:2LJxr7Pt3JnP60eLxwbDOu,1,233871,Candy,54,false,spotify:track:2YhE6xeWN0R9RVwEOG9lR1,https://api.spotify.com/v1/tracks/2YhE6xeWN0R9RVwEOG9lR1
spotify:playlist:4waAzspl6A8eY3VaNh852a,You Wouldn't Want Me Any Other Way,spotify:album:0mAASHVrQKaIENiHyZeYKs,Chris Franklin,spotify:artist:0x81cVSvecMHyy4mMtZDtT,1,257693,Bloke,31,true,spotify:track:5cPlWPuzNikg3xvmFPExEf,https://api.spotify.com/v1/tracks/5cPlWPuzNikg3xvmFPExEf
spotify:playlist:4waAzspl6A8eY3VaNh852a,Vitamin C,spotify:album:1LbkPqgfdATHN9nonNp1np,Vitamin C,spotify:artist:3OsUvoKmZA2gw8rETtxGlz,1,340613,Graduation (Friends Forever),56,false,spotify:track:45V4Mk7vZV2b9JfSWuUX9m,https://api.spotify.com/v1/tracks/45V4Mk7vZV2b9JfSWuUX9m
spotify:playlist:4waAzspl6A8eY3VaNh852a,Northern Star,spotify:album:6TjfhQSmmBOEwIXkoT3fdZ,Melanie C,spotify:artist:60vX3zLcdKRXvKLITVh5Df,1,254973,Never Be The Same Again - Single Mix,38,false,spotify:track:77tfHVcjhVnMI9oyL63tWW,https://api.spotify.com/v1/tracks/77tfHVcjhVnMI9oyL63tWW
spotify:playlist:4waAzspl6A8eY3VaNh852a,Northern Star,spotify:album:6TjfhQSmmBOEwIXkoT3fdZ,"Lisa ""Left Eye"" Lopes",spotify:artist:64ccradw8gAQn9gMQZmEha,1,254973,Never Be The Same Again - Single Mix,38,false,spotify:track:77tfHVcjhVnMI9oyL63tWW,https://api.spotify.com/v1/tracks/77tfHVcjhVnMI9oyL63tWW
spotify:playlist:4waAzspl6A8eY3VaNh852a,Can't Take Me Home,spotify:album:46FPTrylElX8FrcflqiR0H,P!nk,spotify:artist:1KCSPY1glIKqW2TotWuXOR,1,298933,Most Girls,0,false,spotify:track:2jYDJD3CVByOe08jplCn7Y,https://api.spotify.com/v1/tracks/2jYDJD3CVByOe08jplCn7Y
spotify:playlist:4waAzspl6A8eY3VaNh852a,The Power (15 Year Anniversary Re-Issue),spotify:album:2PYf4m3Bgu4ljRACdnfMCZ,Vanessa Amorosi,spotify:artist:5M0fvL9GMc2zTuIIQwresj,1,234733,Shine,47,false,spotify:track:0w1cshxOoZvM0ZembJEEca,https://api.spotify.com/v1/tracks/0w1cshxOoZvM0ZembJEEca
spotify:playlist:4waAzspl6A8eY3VaNh852a,The Writing's On The Wall,spotify:album:283NWqNsCA9GwVHrJk59CG,Destiny's Child,spotify:artist:1Y8cdNmUJH7yBTd9yOvr5i,1,230200,"Jumpin', Jumpin'",70,false,spotify:track:4pmc2AxSEq6g7hPVlJCPyP,https://api.spotify.com/v1/tracks/4pmc2AxSEq6g7hPVlJCPyP
spotify:playlist:4waAzspl6A8eY3VaNh852a,On How Life Is,spotify:album:50DkoLL4ArRVXhWx9ssQSe,Macy Gray,spotify:artist:4ylR3zwA0zaapAu94fktwa,1,239440,I Try,72,false,spotify:track:5TAf4lnZCZTLlZHNZMLFLi,https://api.spotify.com/v1/tracks/5TAf4lnZCZTLlZHNZMLFLi
spotify:playlist:4waAzspl6A8eY3VaNh852a,Sound Loaded,spotify:album:3zI9R2ktXKRwcPpZH1zpPe,Ricky Martin,spotify:artist:7slfeZO9LsJbWgpkIoXBUJ,1,280626,She Bangs - English Version,57,false,spotify:track:1uPrIHgYztXSkkcts9jet8,https://api.spotify.com/v1/tracks/1uPrIHgYztXSkkcts9jet8
spotify:playlist:4waAzspl6A8eY3VaNh852a,Don't You Worry,,Madasun,,0,243000,Don't You Worry,0,false,spotify:local:Madasun:Don%27t+You+Worry:Don%27t+You+Worry:243,
spotify:playlist:4waAzspl6A8eY3VaNh852a,Sing When You're Winning,spotify:album:11DmTQm7WPeSXih1FPuaXL,Robbie Williams,spotify:artist:2HcwFjNelS49kFbfvMxQYw,1,258560,Rock DJ,69,false,spotify:track:4pbyDPjFgfPqFTcIMC8xpK,https://api.spotify.com/v1/tracks/4pbyDPjFgfPqFTcIMC8xpK
spotify:playlist:4waAzspl6A8eY3VaNh852a,Who Let The Dogs Out,spotify:album:44UH34qoCNNfEqo0VnOkGd,Baha Men,spotify:artist:67FFKYikvTlvsPNk4NPOYJ,1,191960,Who Let The Dogs Out,36,false,spotify:track:0M14Pp5TThTSbqUPukLdmR,https://api.spotify.com/v1/tracks/0M14Pp5TThTSbqUPukLdmR
spotify:playlist:4waAzspl6A8eY3VaNh852a,Unleash The Dragon,spotify:album:0nyora4kbjBGE4d1B9gxnm,Sisqo,spotify:artist:6x9QLdzo6eBZxJ1bHsDkjg,1,253733,Thong Song,67,true,spotify:track:5Mmk2ii6laakqfeCT7OnVD,https://api.spotify.com/v1/tracks/5Mmk2ii6laakqfeCT7OnVD
spotify:playlist:4waAzspl6A8eY3VaNh852a,Crush,spotify:album:0Q9SljCrM0CL0bR23MuP69,Bon Jovi,spotify:artist:58lV9VcRSjABbAbfWS6skp,1,224493,It's My Life,78,false,spotify:track:0v1XpBHnsbkCn7iJ9Ucr1l,https://api.spotify.com/v1/tracks/0v1XpBHnsbkCn7iJ9Ucr1l
spotify:playlist:4waAzspl6A8eY3VaNh852a,On The 6,spotify:album:3Gby5NNeNYkMgAnrtEA3lc,Jennifer Lopez,spotify:artist:2DlGxzQSjYe5N6G9nkYghR,1,239400,Let's Get Loud,70,false,spotify:track:42nSaPdT6g3ZIMHmKLlP2p,https://api.spotify.com/v1/tracks/42nSaPdT6g3ZIMHmKLlP2p
spotify:playlist:4waAzspl6A8eY3VaNh852a,Reflector,spotify:album:3Mb6ZsLgwJvTtN3C5vYcC5,Killing Heidi,spotify:artist:6eQ3AHw7yEVoX87xDS1ZiP,1,290960,Mascara,1,false,spotify:track:14f1kt8Cb36CK9EytujIVv,https://api.spotify.com/v1/tracks/14f1kt8Cb36CK9EytujIVv
spotify:playlist:4waAzspl6A8eY3VaNh852a,Light Years,spotify:album:6vaZSsroXnO5rMcpr74QOA,Kylie Minogue,spotify:artist:4RVnAU35WRWra6OZ3CbbMA,1,213200,On a Night like This,45,false,spotify:track:68YkiTIRWcXN3q11ED70iN,https://api.spotify.com/v1/tracks/68YkiTIRWcXN3q11ED70iN
spotify:playlist:4waAzspl6A8eY3VaNh852a,Light Years,spotify:album:6vaZSsroXnO5rMcpr74QOA,Kylie Minogue,spotify:artist:4RVnAU35WRWra6OZ3CbbMA,1,207786,Spinning Around,49,false,spotify:track:2G9ys1ZXI98XAn7SMzPt9q,https://api.spotify.com/v1/tracks/2G9ys1ZXI98XAn7SMzPt9q
spotify:playlist:4waAzspl6A8eY3VaNh852a,Oops!... I Did It Again,spotify:album:5PmgtkodFl2Om3hMXONDll,Britney Spears,spotify:artist:26dSoYclwsYLMAKD3tpOr4,1,206226,Lucky,65,false,spotify:track:2TTYIwTM2iLC1YOyHuhRMt,https://api.spotify.com/v1/tracks/2TTYIwTM2iLC1YOyHuhRMt
spotify:playlist:4waAzspl6A8eY3VaNh852a,Black & Blue,spotify:album:41zXjyVr6dzmchWf8tv3UO,Backstreet Boys,spotify:artist:5rSXSAkZ67PYJSvpUpkOr7,1,230093,Shape of My Heart,73,false,spotify:track:35o9a4iAfLl5jRmqMX9c1D,https://api.spotify.com/v1/tracks/35o9a4iAfLl5jRmqMX9c1D
spotify:playlist:4waAzspl6A8eY3VaNh852a,Christina Aguilera (Expanded Edition),spotify:album:6fpPZS13ImRVpr7Tqs6yP9,Christina Aguilera,spotify:artist:1l7ZsJRRS8wlW3WfJfPfNS,2,203333,Come on over Baby (All I Want Is You) - Radio Version,63,false,spotify:track:7A0apkTSTvMbSI7yplcmlh,https://api.spotify.com/v1/tracks/7A0apkTSTvMbSI7yplcmlh
spotify:playlist:4waAzspl6A8eY3VaNh852a,St. Patrick's Day,spotify:album:5t16AsM7o5uLWOGaA5bPgm,Samantha Mumba,spotify:artist:7L12TqJ0fbwtFljTbwfwRI,1,201946,Gotta Tell You,44,false,spotify:track:1f6tOvu5LoYkPMrBhIkywm,https://api.spotify.com/v1/tracks/1f6tOvu5LoYkPMrBhIkywm
spotify:playlist:4waAzspl6A8eY3VaNh852a,Move Your Body,spotify:album:6Aosm4fhahhjyhMUSMtAjh,Eiffel 65,spotify:artist:64rxQRJsLgZwHHyWKB8fiF,1,209200,Move Your Body - Gabry Ponte Original Video Edit,33,false,spotify:track:3IAW93M0dIa1b1jvcYLAdS,https://api.spotify.com/v1/tracks/3IAW93M0dIa1b1jvcYLAdS
spotify:playlist:4waAzspl6A8eY3VaNh852a,Move Your Body,spotify:album:6Aosm4fhahhjyhMUSMtAjh,Gabry Ponte,spotify:artist:5ENS85nZShljwNgg4wFD7D,1,209200,Move Your Body - Gabry Ponte Original Video Edit,33,false,spotify:track:3IAW93M0dIa1b1jvcYLAdS,https://api.spotify.com/v1/tracks/3IAW93M0dIa1b1jvcYLAdS
spotify:playlist:4waAzspl6A8eY3VaNh852a,Greatest Hits,spotify:album:5jSAkaiC1BBKZQSZ7wFYOY,Five,spotify:artist:6rEzedK7cKWjeQWdAYvWVG,1,189266,We Will Rock You - Radio Edit,43,false,spotify:track:4SLF9XoKaFRHyJmBJm7RMi,https://api.spotify.com/v1/tracks/4SLF9XoKaFRHyJmBJm7RMi
spotify:playlist:4waAzspl6A8eY3VaNh852a,Greatest Hits,spotify:album:5jSAkaiC1BBKZQSZ7wFYOY,Queen,spotify:artist:1dfeR4HaWDbWqFHLkxsg1d,1,189266,We Will Rock You - Radio Edit,43,false,spotify:track:4SLF9XoKaFRHyJmBJm7RMi,https://api.spotify.com/v1/tracks/4SLF9XoKaFRHyJmBJm7RMi
spotify:playlist:4waAzspl6A8eY3VaNh852a,Oops!... I Did It Again,spotify:album:5PmgtkodFl2Om3hMXONDll,Britney Spears,spotify:artist:26dSoYclwsYLMAKD3tpOr4,1,211160,Oops!...I Did It Again,78,false,spotify:track:6naxalmIoLFWR0siv8dnQQ,https://api.spotify.com/v1/tracks/6naxalmIoLFWR0siv8dnQQ
spotify:playlist:4waAzspl6A8eY3VaNh852a,Shalala Lala,spotify:album:4ifbAEZ8ACEbMQSRgmz9XT,Vengaboys,spotify:artist:0cwmNvclzPd8mQnoHuIksj,1,214819,Shalala Lala,60,false,spotify:track:6iiaDMXr1eqnSEH9W4DLYC,https://api.spotify.com/v1/tracks/6iiaDMXr1eqnSEH9W4DLYC
spotify:playlist:4waAzspl6A8eY3VaNh852a,Nineteen Naughty Nine Nature's Fury,spotify:album:1i4iyHofvIuROZaGK8x4fD,Naughty By Nature,spotify:artist:4Otx4bRLSfpah5kX8hdgDC,1,246706,Holiday (feat. Phiness),51,true,spotify:track:39Gxez6G1bcaXDILmD4UNq,https://api.spotify.com/v1/tracks/39Gxez6G1bcaXDILmD4UNq
spotify:playlist:4waAzspl6A8eY3VaNh852a,Nineteen Naughty Nine Nature's Fury,spotify:album:1i4iyHofvIuROZaGK8x4fD,Phiness,spotify:artist:62grui02HHGJGGS28x949f,1,246706,Holiday (feat. Phiness),51,true,spotify:track:39Gxez6G1bcaXDILmD4UNq,https://api.spotify.com/v1/tracks/39Gxez6G1bcaXDILmD4UNq
spotify:playlist:4waAzspl6A8eY3VaNh852a,S Club,spotify:album:6Aw5MrjWmWcjECqpsp1Fz5,S Club 7,spotify:artist:1kM5rgJvkiDMOoKX56H6pX,1,210466,S Club Party,55,false,spotify:track:21ixeD8mGouF993kgb4MER,https://api.spotify.com/v1/tracks/21ixeD8mGouF993kgb4MER
spotify:playlist:4waAzspl6A8eY3VaNh852a,Sweet Kisses,spotify:album:2z4kcQqO0W8des2nWq5ECY,Jessica Simpson,spotify:artist:2tFN9ubMXEhdAQvdQxcsma,1,263800,I Wanna Love You Forever,58,false,spotify:track:5gZEhPrN1VLqTG1nIAXeNK,https://api.spotify.com/v1/tracks/5gZEhPrN1VLqTG1nIAXeNK
spotify:playlist:4waAzspl6A8eY3VaNh852a,The Power (15 Year Anniversary Re-Issue),spotify:album:2PYf4m3Bgu4ljRACdnfMCZ,Vanessa Amorosi,spotify:artist:5M0fvL9GMc2zTuIIQwresj,1,224600,Absolutely Everybody,55,false,spotify:track:283898Lgbl6LidapOraXiN,https://api.spotify.com/v1/tracks/283898Lgbl6LidapOraXiN
spotify:playlist:4waAzspl6A8eY3VaNh852a,Can't Take Me Home,spotify:album:46FPTrylElX8FrcflqiR0H,P!nk,spotify:artist:1KCSPY1glIKqW2TotWuXOR,1,202706,There You Go,0,false,spotify:track:3cMPR8hsjJAlJVeLiPB3RQ,https://api.spotify.com/v1/tracks/3cMPR8hsjJAlJVeLiPB3RQ
spotify:playlist:4waAzspl6A8eY3VaNh852a,Walk Of Life,spotify:album:326XU6fKeCwitgTdKjFJkk,Billie Piper,spotify:artist:3RjnAn8EWb7zaLlGWVxQeP,1,195800,Day And Night - StarGate Mix,39,false,spotify:track:6jposSLg1MkxIXCJUsEuO0,https://api.spotify.com/v1/tracks/6jposSLg1MkxIXCJUsEuO0
spotify:playlist:4waAzspl6A8eY3VaNh852a,Walk Of Life,spotify:album:326XU6fKeCwitgTdKjFJkk,StarGate,spotify:artist:1tcobmNZfEP5fMdJ0r0bmR,1,195800,Day And Night - StarGate Mix,39,false,spotify:track:6jposSLg1MkxIXCJUsEuO0,https://api.spotify.com/v1/tracks/6jposSLg1MkxIXCJUsEuO0
spotify:playlist:4waAzspl6A8eY3VaNh852a,Pure Shores,spotify:album:3WKVqLdDqXuS4vwA1eLmpt,All Saints,spotify:artist:5TDVKqW9uhqGjwwwKGuma4,1,258706,Pure Shores,22,false,spotify:track:1J6gGVeVDfQfnlKpGJUSsX,https://api.spotify.com/v1/tracks/1J6gGVeVDfQfnlKpGJUSsX
spotify:playlist:4waAzspl6A8eY3VaNh852a,Steal My Sunshine EP,spotify:album:7xXKgIFgbBSdBAV4rDZ9yp,LEN,spotify:artist:0nyc9SZGLITSOJASmTZsnZ,1,211466,Steal My Sunshine - Single Version,57,false,spotify:track:5Muvh0ooAJkSgBylFyI3su,https://api.spotify.com/v1/tracks/5Muvh0ooAJkSgBylFyI3su
spotify:playlist:4waAzspl6A8eY3VaNh852a,Toca's Miracle 2008,spotify:album:3AwYdbUeJUDcqBuiNpZEl6,Fragma,spotify:artist:2t9efDsc10DtZpi4LP3BJJ,1,204133,Toca's Miracle - Original Radio Edit,0,false,spotify:track:0RhGsGH99z3Zv8Wwo5JXYc,https://api.spotify.com/v1/tracks/0RhGsGH99z3Zv8Wwo5JXYc
spotify:playlist:4waAzspl6A8eY3VaNh852a,In Blue,spotify:album:3F8v4omWXxDHrqntA83WJY,The Corrs,spotify:artist:1VbWUxZTRNY2gw3qZ1tg9W,1,207506,Breathless,68,false,spotify:track:5OQGeJ1ceykovrykZsGhqL,https://api.spotify.com/v1/tracks/5OQGeJ1ceykovrykZsGhqL
spotify:playlist:4waAzspl6A8eY3VaNh852a,Lords Of The Boards 2001,spotify:album:03ONjebxNAa2pYrCzr6Lge,Bomfunk MC's,spotify:artist:0NeC6ploeJUq8oDwYQjNPS,2,193000,B-Boys & Fly Girls - Radio Edit,30,false,spotify:track:4rMpQ98ufDGEn2aPEdmlKQ,https://api.spotify.com/v1/tracks/4rMpQ98ufDGEn2aPEdmlKQ
spotify:playlist:4waAzspl6A8eY3VaNh852a,Northern Star,spotify:album:6TjfhQSmmBOEwIXkoT3fdZ,Melanie C,spotify:artist:60vX3zLcdKRXvKLITVh5Df,1,252493,I Turn To You - Hex Hector Radio Mix,51,false,spotify:track:5x5zRAJy1a8lSKWCCKSCIH,https://api.spotify.com/v1/tracks/5x5zRAJy1a8lSKWCCKSCIH
spotify:playlist:4waAzspl6A8eY3VaNh852a,Northern Star,spotify:album:6TjfhQSmmBOEwIXkoT3fdZ,Hex Hector,spotify:artist:1jLOGxY81S3FNq29X3qvmj,1,252493,I Turn To You - Hex Hector Radio Mix,51,false,spotify:track:5x5zRAJy1a8lSKWCCKSCIH,https://api.spotify.com/v1/tracks/5x5zRAJy1a8lSKWCCKSCIH
spotify:playlist:4waAzspl6A8eY3VaNh852a,It's All About The Music,spotify:album:3CSzB71OGoQU5PRNyDWeGh,Lonestar,spotify:artist:3qbnxnvUqR14MJ9g8QwZJK,1,268026,Amazed - Captain Mix,28,false,spotify:track:0USo8fd0TYEVJBkzKEiN70,https://api.spotify.com/v1/tracks/0USo8fd0TYEVJBkzKEiN70
spotify:playlist:4waAzspl6A8eY3VaNh852a,Ronan,spotify:album:3T9Imnmd2Amt5lyDMqlFq9,Ronan Keating,spotify:artist:3nlHsNqwCSvT988ZfSW1Yh,1,234826,Life Is A Rollercoaster,61,false,spotify:track:1vlTMKVV0FxG6CxGTmSY3t,https://api.spotify.com/v1/tracks/1vlTMKVV0FxG6CxGTmSY3t
spotify:playlist:4waAzspl6A8eY3VaNh852a,I Care 4 U,spotify:album:0vqRNgbh25rbYpiZ2Ejv6s,Aaliyah,spotify:artist:0urTpYCsixqZwgNTkPJOJ4,1,283887,Try Again,54,false,spotify:track:6dp3XPQJuC7qP7TaEFVgL5,https://api.spotify.com/v1/tracks/6dp3XPQJuC7qP7TaEFVgL5
spotify:playlist:4waAzspl6A8eY3VaNh852a,Enema Of The State,spotify:album:652N05EcNH1a4bIlUixQE2,blink-182,spotify:artist:6FBDaR13swtiWwGhX1WQsP,1,167066,All The Small Things,79,false,spotify:track:2m1hi0nfMR9vdGC8UcrnwU,https://api.spotify.com/v1/tracks/2m1hi0nfMR9vdGC8UcrnwU
spotify:playlist:4waAzspl6A8eY3VaNh852a,Human Nature,spotify:album:3zqozmVfs2BBWVsJUGhH0o,Human Nature,spotify:artist:72BTmmAO3QfETWlFjwjfJ1,1,189846,He Don't Love You,18,false,spotify:track:2Wb4EHwiLOd707xxGE2ndg,https://api.spotify.com/v1/tracks/2Wb4EHwiLOd707xxGE2ndg
spotify:playlist:4waAzspl6A8eY3VaNh852a,All That You Can't Leave Behind,spotify:album:7a5U0GPoAvT3gvEY66FRuN,U2,spotify:artist:51Blml2LZPmy7TTiAg47vQ,1,248400,Beautiful Day,73,false,spotify:track:0gzqZ9d1jIKo9psEIthwXe,https://api.spotify.com/v1/tracks/0gzqZ9d1jIKo9psEIthwXe
spotify:playlist:4waAzspl6A8eY3VaNh852a,No Strings Attached,spotify:album:5hMd4vAfSUT1cbYCnRUako,*NSYNC,spotify:artist:6Ff53KvcvAj5U7Z1vojB5o,1,191040,It's Gonna Be Me,61,false,spotify:track:35zGjsxI020C2NPKp2fzS7,https://api.spotify.com/v1/tracks/35zGjsxI020C2NPKp2fzS7
spotify:playlist:4waAzspl6A8eY3VaNh852a,S Club,spotify:album:6Aw5MrjWmWcjECqpsp1Fz5,S Club 7,spotify:artist:1kM5rgJvkiDMOoKX56H6pX,1,214400,Bring It All Back,64,false,spotify:track:3v0uXfyMEZ1lGvBOv1Y4ar,https://api.spotify.com/v1/tracks/3v0uXfyMEZ1lGvBOv1Y4ar
spotify:playlist:4waAzspl6A8eY3VaNh852a,The Marshall Mathers LP,spotify:album:6t7956yu5zYf5A829XRiHC,Eminem,spotify:artist:7dGJo4pcD2V6oG8kP0tJRR,1,284200,The Real Slim Shady,80,true,spotify:track:3yfqSUWxFvZELEM4PmlwIR,https://api.spotify.com/v1/tracks/3yfqSUWxFvZELEM4PmlwIR
spotify:playlist:4waAzspl6A8eY3VaNh852a,Survivor,spotify:album:2HcjLD0ButtKsQYqzoyOx9,Destiny's Child,spotify:artist:1Y8cdNmUJH7yBTd9yOvr5i,1,221133,"Independent Women, Pt. 1",66,false,spotify:track:69XUpOpjzDKcfdxqZebGiI,https://api.spotify.com/v1/tracks/69XUpOpjzDKcfdxqZebGiI
spotify:playlist:4waAzspl6A8eY3VaNh852a,Blue (Da Ba Dee),spotify:album:3j90eFnVFEYzOVt024QCTf,Eiffel 65,spotify:artist:64rxQRJsLgZwHHyWKB8fiF,1,219618,Blue (Da Ba Dee) - Gabry Ponte Video Edit,59,false,spotify:track:7lMIJ4EFWRVoAIPDpeGyM3,https://api.spotify.com/v1/tracks/7lMIJ4EFWRVoAIPDpeGyM3
spotify:playlist:4waAzspl6A8eY3VaNh852a,Blue (Da Ba Dee),spotify:album:3j90eFnVFEYzOVt024QCTf,Gabry Ponte,spotify:artist:5ENS85nZShljwNgg4wFD7D,1,219618,Blue (Da Ba Dee) - Gabry Ponte Video Edit,59,false,spotify:track:7lMIJ4EFWRVoAIPDpeGyM3,https://api.spotify.com/v1/tracks/7lMIJ4EFWRVoAIPDpeGyM3
spotify:playlist:4waAzspl6A8eY3VaNh852a,Modjo (Remastered),spotify:album:0vwDxngkhZuwNbcxzebCXI,Modjo,spotify:artist:0AkpPlFLnr0VQwZQeMGht0,1,307153,Lady - Hear Me Tonight,73,false,spotify:track:49X0LAl6faAusYq02PRAY6,https://api.spotify.com/v1/tracks/49X0LAl6faAusYq02PRAY6
spotify:playlist:4waAzspl6A8eY3VaNh852a,Forever,spotify:album:4jbWZmf7kRxCBD6tgVepYh,Spice Girls,spotify:artist:0uq5PttqEjj3IH1bzwcrXF,1,255866,Holler,52,false,spotify:track:1NwDWbpg9dPH12xBd2ibrv,https://api.spotify.com/v1/tracks/1NwDWbpg9dPH12xBd2ibrv
spotify:playlist:4waAzspl6A8eY3VaNh852a,One,spotify:album:4AFfRPo1FqxkigADIZCZR7,Sister2sister,spotify:artist:6aAAAaBR4MvI5HZz4BeVm0,1,207066,What's a Girl to Do?,22,false,spotify:track:4IFS1eTnjH2xzT2u4CX8Z1,https://api.spotify.com/v1/tracks/4IFS1eTnjH2xzT2u4CX8Z1
spotify:playlist:4waAzspl6A8eY3VaNh852a,Whitney The Greatest Hits,spotify:album:4bXTYQ8nVBYO4k3C3TOVri,Whitney Houston,spotify:artist:6XpaIBNiVzIetEPCWDvAFP,1,235626,Could I Have This Kiss Forever (with Enrique Iglesias) - Metro Mix/Remastered: 2000,0,false,spotify:track:3BCqG9GBF7GjJQHwJvlqSv,https://api.spotify.com/v1/tracks/3BCqG9GBF7GjJQHwJvlqSv
spotify:playlist:4waAzspl6A8eY3VaNh852a,Whitney The Greatest Hits,spotify:album:4bXTYQ8nVBYO4k3C3TOVri,Enrique Iglesias,spotify:artist:7qG3b048QCHVRO5Pv1T5lw,1,235626,Could I Have This Kiss Forever (with Enrique Iglesias) - Metro Mix/Remastered: 2000,0,false,spotify:track:3BCqG9GBF7GjJQHwJvlqSv,https://api.spotify.com/v1/tracks/3BCqG9GBF7GjJQHwJvlqSv
spotify:playlist:4waAzspl6A8eY3VaNh852a,Sweet Kisses,spotify:album:2z4kcQqO0W8des2nWq5ECY,Jessica Simpson,spotify:artist:2tFN9ubMXEhdAQvdQxcsma,1,197693,I Think I'm in Love with You,53,false,spotify:track:34PsixEmIceg39NpaYxBsH,https://api.spotify.com/v1/tracks/34PsixEmIceg39NpaYxBsH
spotify:playlist:4waAzspl6A8eY3VaNh852a,Reflector,spotify:album:3Mb6ZsLgwJvTtN3C5vYcC5,Killing Heidi,spotify:artist:6eQ3AHw7yEVoX87xDS1ZiP,1,191333,Live Without It,0,false,spotify:track:3nDKxzRpMkFpw7vFqNE2HR,https://api.spotify.com/v1/tracks/3nDKxzRpMkFpw7vFqNE2HR
spotify:playlist:4waAzspl6A8eY3VaNh852a,Music,spotify:album:1V342k6sinWc4y4R2iReOu,Madonna,spotify:artist:6tbjWDEIzxoDsBA1FuhfPW,1,273533,American Pie,60,false,spotify:track:3afv9TL8ixr4T9VbiKnrwe,https://api.spotify.com/v1/tracks/3afv9TL8ixr4T9VbiKnrwe
spotify:playlist:4waAzspl6A8eY3VaNh852a,Chocolate Starfish And The Hot Dog Flavored Water,spotify:album:5mi7FKaWE5CtcOjdyxScA7,Limp Bizkit,spotify:artist:165ZgPlLkK7bf5bDoFc6Sb,1,321040,Take A Look Around,71,false,spotify:track:2avKuMN2QXkaG9vvHa2JLt,https://api.spotify.com/v1/tracks/2avKuMN2QXkaG9vvHa2JLt
spotify:playlist:4waAzspl6A8eY3VaNh852a,Born to Do It,spotify:album:5TedEgCbtmvDnXzUtXEFJY,Craig David,spotify:artist:2JyWXPbkqI5ZJa3gwqVa0c,1,257200,Fill Me In,58,false,spotify:track:0UzsDmdpw0Q14KU4hieQss,https://api.spotify.com/v1/tracks/0UzsDmdpw0Q14KU4hieQss
spotify:playlist:4waAzspl6A8eY3VaNh852a,Adelante,spotify:album:3yG5eBqF8benf0ldtO6afQ,Sash!,spotify:artist:5XTxV2ifoYkmNb13Gb6cKz,1,216426,Adelante - Radio Edit,50,false,spotify:track:3rP3Wk3KmlJpp2vvYC4ByN,https://api.spotify.com/v1/tracks/3rP3Wk3KmlJpp2vvYC4ByN
spotify:playlist:4waAzspl6A8eY3VaNh852a,I Wanna Be With You,spotify:album:4XbSwLzvznYCophbz8ElMV,Mandy Moore,spotify:artist:2LJxr7Pt3JnP60eLxwbDOu,1,252600,I Wanna Be With You,57,false,spotify:track:4du0TY3NTgvQGlelrBHfDL,https://api.spotify.com/v1/tracks/4du0TY3NTgvQGlelrBHfDL
spotify:playlist:4waAzspl6A8eY3VaNh852a,The Best Of Salt-N-Pepa,spotify:album:69XVjCuZz9JiqfqBTEvaS1,Salt-N-Pepa,spotify:artist:7wqtxqI3eo7Gn1P7SpP6cQ,1,191066,The Brick Track Versus Gitty Up - Rickidy Raw Hide Radio Mix,35,false,spotify:track:64VKnOE7xkcDBlShRUpJgd,https://api.spotify.com/v1/tracks/64VKnOE7xkcDBlShRUpJgd
spotify:playlist:4waAzspl6A8eY3VaNh852a,The Heat,spotify:album:0UZsKcXzOehMvFWTiBlwMi,Toni Braxton,spotify:artist:3X458ddYA2YcVWuVIGGOYe,1,261933,He Wasn't Man Enough,67,false,spotify:track:7f1Dmr246cJ9uQYdbplTbh,https://api.spotify.com/v1/tracks/7f1Dmr246cJ9uQYdbplTbh
spotify:playlist:4waAzspl6A8eY3VaNh852a,Odyssey Number Five,spotify:album:1fgfp2op6DHKCrtWiMFiws,Powderfinger,spotify:artist:6LBCQo20ri3tsvbsWWLmr6,1,276626,My Happiness,64,false,spotify:track:2pxxVkNhrRST8fpgA12ru8,https://api.spotify.com/v1/tracks/2pxxVkNhrRST8fpgA12ru8
spotify:playlist:4waAzspl6A8eY3VaNh852a,Christina Aguilera (Expanded Edition),spotify:album:6fpPZS13ImRVpr7Tqs6yP9,Christina Aguilera,spotify:artist:1l7ZsJRRS8wlW3WfJfPfNS,1,215800,What a Girl Wants,64,false,spotify:track:5bGmuxShUba9maPswDnhCs,https://api.spotify.com/v1/tracks/5bGmuxShUba9maPswDnhCs
spotify:playlist:4waAzspl6A8eY3VaNh852a,Anthology,spotify:album:4vWdSsgQzazxS7ndj9VcnO,Chicane,spotify:artist:5GxyeQagayzZOg4UwffQlD,2,219960,Don't Give Up - Original Radio Edit,17,false,spotify:track:6kr7wrFWEjnytONnw6lSGJ,https://api.spotify.com/v1/tracks/6kr7wrFWEjnytONnw6lSGJ
spotify:playlist:4waAzspl6A8eY3VaNh852a,Anthology,spotify:album:4vWdSsgQzazxS7ndj9VcnO,Bryan Adams,spotify:artist:3Z02hBLubJxuFJfhacLSDc,2,219960,Don't Give Up - Original Radio Edit,17,false,spotify:track:6kr7wrFWEjnytONnw6lSGJ,https://api.spotify.com/v1/tracks/6kr7wrFWEjnytONnw6lSGJ
spotify:playlist:4waAzspl6A8eY3VaNh852a,Crush,spotify:album:0Q9SljCrM0CL0bR23MuP69,Bon Jovi,spotify:artist:58lV9VcRSjABbAbfWS6skp,1,213333,Say It Isn't So,42,false,spotify:track:4Dnnchb3a2hx3HlUfF9DXE,https://api.spotify.com/v1/tracks/4Dnnchb3a2hx3HlUfF9DXE
spotify:playlist:4waAzspl6A8eY3VaNh852a,Up Style Down,spotify:album:6OT8sbDrxyACRi1mzzkj9M,28 Days,spotify:artist:0NXVGrFkPu0Cohh3BJV5Wx,1,219053,Rip It Up,50,true,spotify:track:0EcdmJCR4pURncLgeeBYvl,https://api.spotify.com/v1/tracks/0EcdmJCR4pURncLgeeBYvl
spotify:playlist:4waAzspl6A8eY3VaNh852a,Killing Time,spotify:album:7D0xnocXwTZQaVbHq7FQCx,Tina Cousins,spotify:artist:2uhEmRPgI5Ppg2T3o8VP31,1,236880,Pray,49,false,spotify:track:2ythTsnUtYWtpMaOaJhsHz,https://api.spotify.com/v1/tracks/2ythTsnUtYWtpMaOaJhsHz
spotify:playlist:4waAzspl6A8eY3VaNh852a,Leah,spotify:album:0ezyB7eoXq2XOO27I89Hm8,Leah Haywood,spotify:artist:6kvkcogluXUBXdQzJy6Alw,1,195933,We Think It's Love,21,false,spotify:track:2tkASabcL0kgHurBCKW8Pd,https://api.spotify.com/v1/tracks/2tkASabcL0kgHurBCKW8Pd
spotify:playlist:4waAzspl6A8eY3VaNh852a,Return Of Saturn,spotify:album:3UBfrm1LGAdOZflgsmCsM2,No Doubt,spotify:artist:0cQbJU1aAzvbEmTuljWLlF,1,211666,Ex-Girlfriend,45,false,spotify:track:2UPtf64KU11lUicxFai0bm,https://api.spotify.com/v1/tracks/2UPtf64KU11lUicxFai0bm
spotify:playlist:4waAzspl6A8eY3VaNh852a,The Man Who,spotify:album:1cUp1HbKtGF7CiSl962vH5,Travis,spotify:artist:3bUwxJgNakzYKkqAVgZLlh,1,265000,Why Does It Always Rain On Me?,63,false,spotify:track:5MmWgG5KgiqSxkOZdVXRQA,https://api.spotify.com/v1/tracks/5MmWgG5KgiqSxkOZdVXRQA
spotify:playlist:4waAzspl6A8eY3VaNh852a,Polyester Embassy,spotify:album:2PDOwjTK5XuuvvMkfoIRfY,Madison Avenue,spotify:artist:6otgz5gkB40UnWFwTy0VDh,1,222333,Everything You Need (Original Mix Edit),0,false,spotify:track:5auq80aGstQbB1b2pFCuL9,https://api.spotify.com/v1/tracks/5auq80aGstQbB1b2pFCuL9
spotify:playlist:4waAzspl6A8eY3VaNh852a,Polyester Embassy,spotify:album:2PDOwjTK5XuuvvMkfoIRfY,Madison Avenue,spotify:artist:6otgz5gkB40UnWFwTy0VDh,1,227026,Don't Call Me Baby (Original Mix Edit),0,false,spotify:track:3qmXmmRlYJUw0oDmasNRu9,https://api.spotify.com/v1/tracks/3qmXmmRlYJUw0oDmasNRu9
spotify:playlist:4waAzspl6A8eY3VaNh852a,It Feels So Good,spotify:album:4ZLg8NqICOWQlPxVptBH4w,Sonique,spotify:artist:5xtqw2B8z8JGfDYi2eAZHI,1,229760,It Feels So Good - Radio Edit,32,false,spotify:track:5GJOuVtD5nGTjlnqyZ0q3A,https://api.spotify.com/v1/tracks/5GJOuVtD5nGTjlnqyZ0q3A
spotify:playlist:4waAzspl6A8eY3VaNh852a,Oops!... I Did It Again,spotify:album:5PmgtkodFl2Om3hMXONDll,Britney Spears,spotify:artist:26dSoYclwsYLMAKD3tpOr4,1,203000,Stronger,66,false,spotify:track:5QhBKPqsnX1uY9fZNaAtZg,https://api.spotify.com/v1/tracks/5QhBKPqsnX1uY9fZNaAtZg
spotify:playlist:4waAzspl6A8eY3VaNh852a,"Yol Şarkıları 2000, Vol. 1",spotify:album:3bGdWkCsBEz2tFKDyA1ZKr,Shaft,spotify:artist:435VgOIuJ5l4uaf76vpc2X,1,167732,Mambo italiano,0,false,spotify:track:2evGRtR48GVXHqP4FVFzbm,https://api.spotify.com/v1/tracks/2evGRtR48GVXHqP4FVFzbm
spotify:playlist:4waAzspl6A8eY3VaNh852a,Hooray For Boobies,spotify:album:7BuCGZPiQkZpyn0Wj8rxIh,Bloodhound Gang,spotify:artist:6nDLku5uL3ou60kvCGZorh,1,260506,The Bad Touch,71,true,spotify:track:5EYdTPdJD74r9EVZBztqGG,https://api.spotify.com/v1/tracks/5EYdTPdJD74r9EVZBztqGG
spotify:playlist:4waAzspl6A8eY3VaNh852a,Who Needs Guitars Anyway?,spotify:album:5oPKlo7IBFXlh12tqDVoAU,Alice DJ,spotify:artist:2tbvDi9eXf9XXp06LupkED,1,217573,Better Off Alone,73,false,spotify:track:0pMUR7Uvp6vxlbG0qBFvgM,https://api.spotify.com/v1/tracks/0pMUR7Uvp6vxlbG0qBFvgM
spotify:playlist:4waAzspl6A8eY3VaNh852a,Mad Season,spotify:album:2HqQR5SkxWX7uUWaxlLksn,Matchbox Twenty,spotify:artist:3Ngh2zDBRPEriyxQDAMKd1,1,256133,Bent,55,false,spotify:track:6fA7akEuTUL3dW1V0GELaZ,https://api.spotify.com/v1/tracks/6fA7akEuTUL3dW1V0GELaZ
spotify:playlist:4waAzspl6A8eY3VaNh852a,Girl Thing,spotify:album:6rQuZ9mCt1q6y9n71tIk08,Girl Thing,spotify:artist:6u7Xu6msBBuSXGyl60BuQF,1,216826,Last One Standing,33,false,spotify:track:4yoPGbCMNFqv2MAafUOo8I,https://api.spotify.com/v1/tracks/4yoPGbCMNFqv2MAafUOo8I
spotify:playlist:4waAzspl6A8eY3VaNh852a,Just No Other Way,spotify:album:2nJQyqtmt5VjiiqFA68jER,CoCo Lee,spotify:artist:3ioHf138TiMxYRCWmC8yJX,1,275360,Do You Want My Love,25,false,spotify:track:2Y74aRKMI7soFFrQYC088t,https://api.spotify.com/v1/tracks/2Y74aRKMI7soFFrQYC088t
spotify:playlist:4waAzspl6A8eY3VaNh852a,Shades Of Purple,spotify:album:64qpmVqrwUlBihBMhZDyJj,M2M,spotify:artist:0ZzYDST6Dib7iYd8hmcLcH,1,225200,Don't Say You Love Me,56,false,spotify:track:65i1UPsUtPlEVzewEZR6sY,https://api.spotify.com/v1/tracks/65i1UPsUtPlEVzewEZR6sY
spotify:playlist:4waAzspl6A8eY3VaNh852a,Conspiracy Of One,spotify:album:09OM7urF0SXgJqbFcllYQs,The Offspring,spotify:artist:5LfGQac0EIXyAN8aUwmNAQ,1,220946,Original Prankster,61,true,spotify:track:6gfDXAX85YWdVwxpbz0npv,https://api.spotify.com/v1/tracks/6gfDXAX85YWdVwxpbz0npv
spotify:playlist:4waAzspl6A8eY3VaNh852a,Conspiracy Of One,spotify:album:09OM7urF0SXgJqbFcllYQs,Redman,spotify:artist:7xTKLpo7UCzXSnlH7fOIoM,1,220946,Original Prankster,61,true,spotify:track:6gfDXAX85YWdVwxpbz0npv,https://api.spotify.com/v1/tracks/6gfDXAX85YWdVwxpbz0npv
spotify:playlist:4waAzspl6A8eY3VaNh852a,Millennium,spotify:album:5ySxm9hxBNss01WCL7GLyQ,Backstreet Boys,spotify:artist:5rSXSAkZ67PYJSvpUpkOr7,1,234960,Show Me the Meaning of Being Lonely,67,false,spotify:track:3BsaRV5QIulYz2lV9WWa8T,https://api.spotify.com/v1/tracks/3BsaRV5QIulYz2lV9WWa8T
spotify:playlist:4waAzspl6A8eY3VaNh852a,Affirmation,spotify:album:3w69KK7uEA8OsKuW3OeQcC,Savage Garden,spotify:artist:3NRFinRTEqUCfaTTZmk8ek,1,295800,Affirmation,59,false,spotify:track:6lWY4ji9T0tpFU2xbnRC1p,https://api.spotify.com/v1/tracks/6lWY4ji9T0tpFU2xbnRC1p
spotify:playlist:4waAzspl6A8eY3VaNh852a,Bardot,spotify:album:3lBBB7gJFwcxn6EKQpB4A3,Bardot,spotify:artist:6jaSo7MeMbXQCUOrNCF8tj,1,267066,I Should've Never Let You Go,29,false,spotify:track:3TsyC7TEuzHH8D7k0snkcU,https://api.spotify.com/v1/tracks/3TsyC7TEuzHH8D7k0snkcU
spotify:playlist:4waAzspl6A8eY3VaNh852a,Groove Armada Greatest Hits,spotify:album:4gAC6u1x2Bld7EBhJppCnQ,Groove Armada,spotify:artist:67tgMwUfnmqzYsNAtnP6YJ,1,244706,I See You Baby - Fatboy Slim Radio Edit,56,false,spotify:track:7o9PkTfxL0Mm7gk3Bp98hv,https://api.spotify.com/v1/tracks/7o9PkTfxL0Mm7gk3Bp98hv
spotify:playlist:4waAzspl6A8eY3VaNh852a,Groove Armada Greatest Hits,spotify:album:4gAC6u1x2Bld7EBhJppCnQ,Gram'ma Funk,spotify:artist:3jE9LY400g6ZV1otfI3Zgq,1,244706,I See You Baby - Fatboy Slim Radio Edit,56,false,spotify:track:7o9PkTfxL0Mm7gk3Bp98hv,https://api.spotify.com/v1/tracks/7o9PkTfxL0Mm7gk3Bp98hv
spotify:playlist:4waAzspl6A8eY3VaNh852a,Greatest Hits,spotify:album:5jSAkaiC1BBKZQSZ7wFYOY,Five,spotify:artist:6rEzedK7cKWjeQWdAYvWVG,1,217533,Don't Wanna Let You Go - Radio Edit,26,false,spotify:track:30Na9W2WrBLGrRoKlEiwbh,https://api.spotify.com/v1/tracks/30Na9W2WrBLGrRoKlEiwbh
spotify:playlist:4waAzspl6A8eY3VaNh852a,Greatest Hits,spotify:album:5jSAkaiC1BBKZQSZ7wFYOY,Stargate,spotify:artist:7KUri7klyLaIFXLcuuOMCd,1,217533,Don't Wanna Let You Go - Radio Edit,26,false,spotify:track:30Na9W2WrBLGrRoKlEiwbh,https://api.spotify.com/v1/tracks/30Na9W2WrBLGrRoKlEiwbh
spotify:playlist:4waAzspl6A8eY3VaNh852a,Aquarius (Special Edition),spotify:album:0VN03Z2zA08bsq8eiDQZxu,Aqua,spotify:artist:6kBjAFKyd0he7LiA5GQ3Gz,1,219440,Cartoon Heroes - Radio Edit,49,false,spotify:track:7vJgjjXD9spt5fgaSPox9z,https://api.spotify.com/v1/tracks/7vJgjjXD9spt5fgaSPox9z
spotify:playlist:4waAzspl6A8eY3VaNh852a,Bardot,spotify:album:3lBBB7gJFwcxn6EKQpB4A3,Bardot,spotify:artist:6jaSo7MeMbXQCUOrNCF8tj,1,220000,These Days,36,false,spotify:track:0DSSMDh216kInuzbFjGvbd,https://api.spotify.com/v1/tracks/0DSSMDh216kInuzbFjGvbd
